Date,Open,High,Low,Close,tick_volume,spread,real_volume
2024-12-31 22:00:00,2613.64,2626.6,2612.42,2625.86,7130,13,0
2024-12-31 23:00:00,2625.73,2627.15,2622.37,2625.18,5900,13,0
2025-01-01 00:00:00,2625.28,2627.52,2623.15,2624.26,4446,13,0
2025-01-01 01:00:00,2624.24,2627.14,2622.59,2624.88,4525,13,0
2025-01-01 02:00:00,2624.88,2627.18,2622.8,2623.8,3222,13,0
2025-01-01 03:00:00,2623.8,2624.95,2622.01,2623.24,3231,13,0
2025-01-01 04:00:00,2623.0,2624.89,2622.83,2624.22,898,13,0
2025-01-02 06:00:00,2624.53,2625.63,2621.61,2623.69,1671,13,0
2025-01-02 07:00:00,2623.87,2627.89,2622.71,2625.39,2407,13,0
2025-01-02 08:00:00,2625.4,2634.44,2623.83,2632.98,6063,13,0
2025-01-02 09:00:00,2632.97,2636.46,2632.32,2634.72,4587,13,0
2025-01-02 10:00:00,2634.67,2635.38,2632.32,2633.55,3442,13,0
2025-01-02 11:00:00,2633.57,2634.16,2631.07,2634.0,2293,13,0
2025-01-02 12:00:00,2634.0,2636.44,2633.11,2634.07,3482,13,0
2025-01-02 13:00:00,2634.08,2635.38,2631.28,2634.12,3834,13,0
2025-01-02 14:00:00,2634.16,2635.96,2633.01,2635.96,3586,13,0
2025-01-02 15:00:00,2635.96,2637.73,2631.09,2636.52,4473,13,0
2025-01-02 16:00:00,2636.52,2639.91,2636.04,2636.13,4100,13,0
2025-01-02 17:00:00,2636.14,2646.28,2632.76,2642.66,5519,13,0
2025-01-02 18:00:00,2642.66,2644.61,2640.32,2642.0,4039,13,0
2025-01-02 19:00:00,2642.01,2646.49,2640.36,2643.36,4902,13,0
2025-01-02 20:00:00,2643.31,2647.22,2636.05,2642.98,7815,13,0
2025-01-02 21:00:00,2642.98,2651.01,2640.38,2647.76,8115,13,0
2025-01-02 22:00:00,2647.56,2655.81,2645.16,2654.14,8377,13,0
2025-01-02 23:00:00,2654.14,2660.4,2650.03,2659.3,7551,13,0
2025-01-03 00:00:00,2659.3,2660.39,2652.58,2656.55,5914,13,0
2025-01-03 01:00:00,2656.56,2658.83,2653.85,2655.45,5531,13,0
2025-01-03 02:00:00,2655.44,2657.15,2653.8,2654.68,4809,13,0
2025-01-03 03:00:00,2654.68,2660.46,2654.14,2659.69,4501,13,0
2025-01-03 04:00:00,2659.72,2660.18,2656.53,2658.12,1343,12,0
2025-01-03 06:00:00,2658.46,2659.54,2657.24,2658.33,1207,13,0
2025-01-03 07:00:00,2658.33,2661.03,2658.26,2660.74,2196,13,0
2025-01-03 08:00:00,2660.74,2662.36,2656.68,2659.41,4214,13,0
2025-01-03 09:00:00,2659.37,2663.93,2656.24,2662.53,4501,13,0
2025-01-03 10:00:00,2662.53,2665.29,2661.31,2662.33,3129,13,0
2025-01-03 11:00:00,2662.31,2664.4,2661.75,2662.87,1951,13,0
2025-01-03 12:00:00,2662.87,2662.96,2655.92,2658.54,3433,13,0
2025-01-03 13:00:00,2658.54,2660.33,2656.73,2659.68,3332,13,0
2025-01-03 14:00:00,2659.66,2659.66,2651.87,2654.31,4246,13,0
2025-01-03 15:00:00,2654.09,2655.75,2649.84,2652.93,4677,13,0
2025-01-03 16:00:00,2652.93,2655.94,2652.8,2653.62,3498,13,0
2025-01-03 17:00:00,2653.62,2657.92,2653.07,2657.71,3204,13,0
2025-01-03 18:00:00,2657.63,2659.25,2656.32,2657.57,3392,13,0
2025-01-03 19:00:00,2657.56,2658.31,2654.84,2655.28,3352,13,0
2025-01-03 20:00:00,2655.28,2656.36,2643.49,2649.93,6303,13,0
2025-01-03 21:00:00,2649.9,2652.64,2645.13,2647.91,7308,13,0
2025-01-03 22:00:00,2647.78,2648.25,2641.0,2643.87,7799,13,0
2025-01-03 23:00:00,2643.88,2647.29,2639.11,2639.96,6133,13,0
2025-01-04 00:00:00,2639.97,2642.64,2639.13,2641.8,4471,13,0
2025-01-04 01:00:00,2641.8,2642.34,2639.78,2641.9,4300,13,0
2025-01-04 02:00:00,2641.8,2642.98,2639.08,2639.49,2954,13,0
2025-01-04 03:00:00,2639.43,2640.13,2636.92,2638.15,3518,13,0
2025-01-04 04:00:00,2638.2,2640.72,2636.56,2639.6,1532,13,0
2025-01-06 06:00:00,2640.41,2642.37,2638.9,2641.05,1896,13,0
2025-01-06 07:00:00,2640.94,2643.35,2638.65,2643.16,2678,13,0
2025-01-06 08:00:00,2643.16,2647.36,2640.72,2641.35,5759,13,0
2025-01-06 09:00:00,2641.28,2645.28,2639.77,2644.52,4268,13,0
2025-01-06 10:00:00,2644.52,2645.31,2639.21,2640.15,3408,13,0
2025-01-06 11:00:00,2640.14,2640.83,2634.48,2635.45,3170,13,0
2025-01-06 12:00:00,2635.45,2636.25,2631.51,2633.93,4527,13,0
2025-01-06 13:00:00,2633.93,2635.29,2630.28,2631.53,4369,13,0
2025-01-06 14:00:00,2631.53,2633.7,2625.14,2626.91,4228,13,0
2025-01-06 15:00:00,2626.8,2632.51,2625.84,2631.56,4460,13,0
2025-01-06 16:00:00,2631.42,2635.73,2631.24,2632.74,4282,13,0
2025-01-06 17:00:00,2632.74,2635.02,2630.97,2633.77,3239,13,0
2025-01-06 18:00:00,2633.75,2649.39,2632.59,2645.55,7636,13,0
2025-01-06 19:00:00,2645.52,2647.83,2642.01,2645.43,6104,13,0
2025-01-06 20:00:00,2645.38,2648.75,2621.87,2624.13,8750,13,0
2025-01-06 21:00:00,2624.17,2634.83,2614.75,2631.55,9789,13,0
2025-01-06 22:00:00,2631.54,2639.59,2629.37,2634.32,8845,13,0
2025-01-06 23:00:00,2634.32,2641.28,2632.54,2640.76,7011,13,0
2025-01-07 00:00:00,2640.76,2641.03,2634.19,2636.65,5364,13,0
2025-01-07 01:00:00,2636.69,2638.55,2633.78,2634.6,5345,13,0
2025-01-07 02:00:00,2634.61,2635.49,2632.92,2634.38,4275,13,0
2025-01-07 03:00:00,2634.36,2635.44,2633.21,2634.45,3691,13,0
2025-01-07 04:00:00,2634.51,2636.95,2634.51,2635.99,1224,12,0
2025-01-07 06:00:00,2636.24,2636.33,2633.52,2634.6,1054,13,0
2025-01-07 07:00:00,2634.63,2635.13,2632.94,2635.08,2071,13,0
2025-01-07 08:00:00,2634.98,2641.15,2634.88,2639.01,5567,13,0
2025-01-07 09:00:00,2639.01,2640.08,2637.0,2638.46,3691,13,0
2025-01-07 10:00:00,2638.55,2640.27,2637.54,2639.62,2271,13,0
2025-01-07 11:00:00,2639.62,2639.75,2637.35,2638.26,2341,13,0
2025-01-07 12:00:00,2638.19,2645.68,2637.05,2644.46,4010,13,0
2025-01-07 13:00:00,2644.46,2646.77,2639.94,2640.21,4258,13,0
2025-01-07 14:00:00,2640.22,2642.11,2638.05,2640.52,3892,13,0
2025-01-07 15:00:00,2640.49,2644.79,2640.11,2642.61,4424,13,0
2025-01-07 16:00:00,2642.61,2644.15,2640.1,2641.38,3700,13,0
2025-01-07 17:00:00,2641.41,2644.75,2641.32,2643.88,3306,13,0
2025-01-07 18:00:00,2643.88,2648.68,2642.01,2648.52,3702,13,0
2025-01-07 19:00:00,2648.49,2652.74,2647.36,2651.65,4503,13,0
2025-01-07 20:00:00,2651.64,2664.17,2649.97,2662.31,8017,13,0
2025-01-07 21:00:00,2662.38,2663.01,2655.78,2658.55,8056,13,0
2025-01-07 22:00:00,2658.55,2658.55,2642.13,2647.74,9869,13,0
2025-01-07 23:00:00,2647.75,2655.61,2646.55,2651.81,8214,13,0
2025-01-08 00:00:00,2651.83,2656.01,2650.3,2652.57,6626,13,0
2025-01-08 01:00:00,2652.54,2652.59,2647.33,2649.16,5777,13,0
2025-01-08 02:00:00,2649.16,2650.37,2647.0,2649.33,4755,13,0
2025-01-08 03:00:00,2649.34,2651.44,2647.25,2650.25,4622,13,0
2025-01-08 04:00:00,2650.4,2650.4,2647.77,2648.54,1175,12,0
2025-01-08 06:00:00,2648.46,2650.16,2648.27,2649.75,1222,13,0
2025-01-08 07:00:00,2649.75,2651.51,2648.68,2650.57,2095,13,0
2025-01-08 08:00:00,2650.57,2650.9,2647.18,2648.84,5372,13,0
2025-01-08 09:00:00,2648.84,2650.3,2645.87,2648.87,3887,13,0
2025-01-08 10:00:00,2648.66,2648.86,2645.61,2646.77,3171,13,0
2025-01-08 11:00:00,2646.78,2648.63,2645.19,2647.01,2534,13,0
2025-01-08 12:00:00,2647.01,2650.72,2646.65,2650.08,3634,13,0
2025-01-08 13:00:00,2650.08,2653.07,2648.87,2652.11,4146,13,0
2025-01-08 14:00:00,2652.11,2654.45,2651.62,2652.62,3825,13,0
2025-01-08 15:00:00,2652.58,2653.81,2649.59,2651.97,4954,13,0
2025-01-08 16:00:00,2651.99,2655.07,2651.83,2653.57,4023,13,0
2025-01-08 17:00:00,2653.57,2655.14,2652.62,2653.1,3438,13,0
2025-01-08 18:00:00,2653.1,2653.1,2647.53,2650.82,5096,13,0
2025-01-08 19:00:00,2650.81,2652.48,2645.85,2652.02,5399,13,0
2025-01-08 20:00:00,2652.03,2660.32,2651.84,2660.24,8229,13,0
2025-01-08 21:00:00,2660.17,2667.55,2660.09,2661.43,8519,13,0
2025-01-08 22:00:00,2661.43,2667.77,2659.4,2665.86,7912,13,0
2025-01-08 23:00:00,2665.86,2669.91,2662.62,2669.58,5996,13,0
2025-01-09 00:00:00,2669.55,2669.71,2649.44,2655.58,6667,13,0
2025-01-09 01:00:00,2655.58,2659.14,2651.58,2653.15,5910,13,0
2025-01-09 02:00:00,2653.38,2660.57,2652.51,2658.19,5030,13,0
2025-01-09 03:00:00,2658.25,2664.04,2658.25,2663.2,3919,13,0
2025-01-09 04:00:00,2663.34,2664.01,2660.91,2661.42,1935,12,0
2025-01-09 06:00:00,2661.07,2663.14,2661.07,2662.49,977,13,0
2025-01-09 07:00:00,2662.49,2662.67,2659.51,2659.94,2056,13,0
2025-01-09 08:00:00,2659.97,2661.37,2657.34,2658.43,4354,13,0
2025-01-09 09:00:00,2658.37,2660.03,2656.37,2658.87,3496,13,0
2025-01-09 10:00:00,2658.87,2662.2,2658.57,2659.38,3229,13,0
2025-01-09 11:00:00,2659.37,2659.64,2655.51,2658.96,2349,13,0
2025-01-09 12:00:00,2658.96,2660.93,2657.66,2658.31,3338,13,0
2025-01-09 13:00:00,2658.31,2666.87,2658.29,2666.65,3770,13,0
2025-01-09 14:00:00,2666.68,2666.69,2662.26,2662.4,3733,13,0
2025-01-09 15:00:00,2662.33,2666.95,2660.46,2664.41,5366,13,0
2025-01-09 16:00:00,2664.41,2666.43,2662.36,2664.95,4244,13,0
2025-01-09 17:00:00,2664.95,2668.58,2664.48,2667.52,3653,13,0
2025-01-09 18:00:00,2667.52,2673.22,2665.26,2670.22,4542,13,0
2025-01-09 19:00:00,2670.19,2675.1,2669.45,2674.1,4257,13,0
2025-01-09 20:00:00,2674.1,2678.25,2672.05,2672.7,6877,13,0
2025-01-09 21:00:00,2672.7,2675.72,2667.21,2672.4,6302,13,0
2025-01-09 22:00:00,2672.4,2675.35,2668.07,2668.36,5587,13,0
2025-01-09 23:00:00,2668.32,2670.97,2666.24,2667.55,4605,13,0
2025-01-10 00:00:00,2667.53,2668.63,2662.71,2665.9,4444,13,0
2025-01-10 01:00:00,2665.9,2672.46,2665.09,2671.3,4186,13,0
2025-01-10 02:00:00,2671.39,2671.67,2668.63,2670.15,3275,13,0
2025-01-10 03:00:00,2670.12,2670.83,2669.25,2669.59,2369,13,0
2025-01-10 04:00:00,2669.62,2671.2,2669.04,2670.22,585,12,0
2025-01-10 06:00:00,2669.77,2671.1,2668.49,2669.93,1165,13,0
2025-01-10 07:00:00,2669.99,2671.09,2668.99,2670.52,2416,13,0
2025-01-10 08:00:00,2670.53,2671.84,2669.2,2671.01,4368,13,0
2025-01-10 09:00:00,2671.01,2674.71,2670.44,2673.44,3742,13,0
2025-01-10 10:00:00,2673.43,2674.78,2672.51,2673.64,2521,13,0
2025-01-10 11:00:00,2673.64,2673.99,2671.79,2671.83,2116,13,0
2025-01-10 12:00:00,2671.83,2675.82,2671.6,2674.96,3282,13,0
2025-01-10 13:00:00,2674.96,2678.42,2674.19,2678.16,3856,13,0
2025-01-10 14:00:00,2678.17,2678.71,2673.41,2676.14,3902,13,0
2025-01-10 15:00:00,2676.13,2680.33,2675.72,2680.04,5188,13,0
2025-01-10 16:00:00,2680.04,2682.25,2677.75,2678.51,4745,13,0
2025-01-10 17:00:00,2678.52,2682.63,2678.29,2680.9,4869,13,0
2025-01-10 18:00:00,2680.9,2683.02,2680.21,2681.37,3934,13,0
2025-01-10 19:00:00,2681.37,2681.41,2674.85,2678.29,5206,13,0
2025-01-10 20:00:00,2678.29,2683.62,2663.99,2682.72,8686,13,0
2025-01-10 21:00:00,2682.67,2693.23,2680.85,2688.04,10272,13,0
2025-01-10 22:00:00,2688.06,2697.86,2682.43,2692.73,9683,13,0
2025-01-10 23:00:00,2692.72,2697.09,2686.77,2696.27,8832,13,0
2025-01-11 00:00:00,2696.36,2697.72,2692.42,2695.97,6815,13,0
2025-01-11 01:00:00,2695.97,2697.12,2685.1,2687.26,6406,13,0
2025-01-11 02:00:00,2687.25,2687.77,2684.51,2685.95,5286,13,0
2025-01-11 03:00:00,2685.96,2690.76,2684.55,2690.49,4946,13,0
2025-01-11 04:00:00,2690.59,2693.26,2688.71,2689.21,2127,13,0
2025-01-13 06:00:00,2689.11,2691.22,2686.61,2691.01,2295,13,0
2025-01-13 07:00:00,2691.04,2693.3,2688.13,2689.71,2396,13,0
2025-01-13 08:00:00,2689.78,2689.84,2679.32,2685.63,7636,13,0
2025-01-13 09:00:00,2685.64,2690.47,2684.88,2688.55,4760,13,0
2025-01-13 10:00:00,2688.53,2688.62,2685.33,2688.0,3582,13,0
2025-01-13 11:00:00,2687.93,2690.8,2684.28,2685.9,3746,13,0
2025-01-13 12:00:00,2685.98,2686.97,2683.26,2686.97,4558,13,0
2025-01-13 13:00:00,2686.98,2691.26,2686.95,2689.87,4063,13,0
2025-01-13 14:00:00,2689.8,2690.27,2684.41,2685.13,4884,13,0
2025-01-13 15:00:00,2685.1,2689.69,2684.05,2687.06,5792,13,0
2025-01-13 16:00:00,2687.04,2688.35,2683.32,2684.85,6184,13,0
2025-01-13 17:00:00,2684.83,2684.96,2677.35,2679.5,5729,13,0
2025-01-13 18:00:00,2679.5,2680.57,2675.48,2675.94,4956,13,0
2025-01-13 19:00:00,2675.89,2677.11,2664.19,2670.95,7258,13,0
2025-01-13 20:00:00,2671.09,2672.17,2663.89,2669.18,8358,13,0
2025-01-13 21:00:00,2669.22,2674.16,2664.11,2671.78,8382,13,0
2025-01-13 22:00:00,2671.69,2672.83,2661.11,2661.8,7820,13,0
2025-01-13 23:00:00,2661.79,2667.87,2660.84,2661.34,6312,13,0
2025-01-14 00:00:00,2661.34,2664.13,2659.31,2660.91,5696,13,0
2025-01-14 01:00:00,2660.91,2662.49,2657.58,2659.34,4599,13,0
2025-01-14 02:00:00,2659.34,2660.61,2656.8,2658.88,3699,13,0
2025-01-14 03:00:00,2658.88,2662.74,2658.7,2662.24,3340,13,0
2025-01-14 04:00:00,2662.22,2664.11,2660.93,2662.93,1334,12,0
2025-01-14 06:00:00,2663.54,2669.29,2662.96,2667.78,1601,13,0
2025-01-14 07:00:00,2667.79,2671.02,2666.37,2670.48,2608,13,0
2025-01-14 08:00:00,2670.37,2672.13,2667.89,2670.7,6057,13,0
2025-01-14 09:00:00,2670.72,2672.1,2668.52,2670.52,4703,13,0
2025-01-14 10:00:00,2670.52,2672.23,2668.87,2669.73,4137,13,0
2025-01-14 11:00:00,2669.72,2674.04,2668.41,2673.62,2790,13,0
2025-01-14 12:00:00,2673.72,2675.25,2667.32,2668.55,4501,13,0
2025-01-14 13:00:00,2668.55,2669.63,2667.4,2669.06,4441,13,0
2025-01-14 14:00:00,2669.07,2670.9,2667.24,2669.2,4581,13,0
2025-01-14 15:00:00,2669.48,2674.38,2667.23,2670.97,5800,13,0
2025-01-14 16:00:00,2670.97,2671.55,2664.76,2667.3,5300,13,0
2025-01-14 17:00:00,2667.3,2668.8,2664.75,2666.68,4714,13,0
2025-01-14 18:00:00,2666.69,2669.78,2664.62,2669.23,4671,13,0
2025-01-14 19:00:00,2669.22,2671.64,2666.5,2668.3,4673,13,0
2025-01-14 20:00:00,2668.27,2674.29,2661.03,2662.89,8111,13,0
2025-01-14 21:00:00,2662.89,2665.95,2659.9,2665.2,8649,13,0
2025-01-14 22:00:00,2665.19,2672.73,2665.14,2671.67,8112,13,0
2025-01-14 23:00:00,2671.66,2674.02,2669.84,2671.59,6994,13,0
2025-01-15 00:00:00,2671.56,2671.91,2668.07,2669.04,5728,13,0
2025-01-15 01:00:00,2669.02,2672.5,2666.73,2672.36,4772,13,0
2025-01-15 02:00:00,2672.37,2676.26,2671.94,2674.31,4278,13,0
2025-01-15 03:00:00,2674.29,2676.43,2671.87,2676.43,4584,13,0
2025-01-15 04:00:00,2676.43,2678.14,2675.88,2677.08,1408,13,0
2025-01-15 06:00:00,2677.71,2678.64,2673.9,2675.55,1141,13,0
2025-01-15 07:00:00,2675.55,2675.96,2672.56,2672.66,1470,13,0
2025-01-15 08:00:00,2672.66,2674.25,2669.73,2669.89,3942,13,0
2025-01-15 09:00:00,2669.89,2675.0,2669.37,2673.45,3613,13,0
2025-01-15 10:00:00,2673.46,2676.25,2672.38,2676.11,2778,13,0
2025-01-15 11:00:00,2676.1,2676.69,2674.2,2675.49,2343,13,0
2025-01-15 12:00:00,2675.49,2679.24,2674.55,2679.24,3945,13,0
2025-01-15 13:00:00,2679.22,2683.23,2679.02,2680.88,4000,13,0
2025-01-15 14:00:00,2680.88,2684.05,2680.01,2681.27,4078,13,0
2025-01-15 15:00:00,2681.31,2685.31,2681.15,2683.82,4693,13,0
2025-01-15 16:00:00,2683.91,2688.48,2682.95,2685.89,4981,13,0
2025-01-15 17:00:00,2685.89,2689.06,2684.83,2688.32,5080,13,0
2025-01-15 18:00:00,2688.6,2688.94,2685.1,2686.78,5515,13,0
2025-01-15 19:00:00,2686.79,2687.42,2684.09,2684.55,4918,13,0
2025-01-15 20:00:00,2684.55,2694.07,2682.11,2693.72,8725,13,0
2025-01-15 21:00:00,2693.71,2696.0,2678.17,2681.98,9298,13,0
2025-01-15 22:00:00,2681.96,2683.06,2676.65,2678.44,8695,13,0
2025-01-15 23:00:00,2678.47,2689.91,2676.95,2689.29,7511,13,0
2025-01-16 00:00:00,2689.32,2692.89,2688.47,2692.69,5815,13,0
2025-01-16 01:00:00,2692.67,2694.92,2691.04,2694.17,5190,13,0
2025-01-16 02:00:00,2694.14,2695.02,2692.55,2693.98,3273,13,0
2025-01-16 03:00:00,2693.96,2696.43,2693.18,2696.36,3215,13,0
2025-01-16 04:00:00,2696.3,2697.27,2693.88,2696.03,1481,13,0
2025-01-16 06:00:00,2694.88,2697.21,2694.57,2694.85,1102,13,0
2025-01-16 07:00:00,2694.85,2698.17,2692.9,2695.12,3610,13,0
2025-01-16 08:00:00,2695.12,2701.99,2694.29,2696.03,6221,13,0
2025-01-16 09:00:00,2696.11,2698.06,2695.27,2697.49,4367,13,0
2025-01-16 10:00:00,2697.4,2698.38,2695.64,2697.17,3405,13,0
2025-01-16 11:00:00,2697.12,2697.99,2696.6,2697.24,2507,13,0
2025-01-16 12:00:00,2697.24,2697.34,2693.8,2694.71,3837,13,0
2025-01-16 13:00:00,2694.72,2695.58,2689.9,2693.93,4663,13,0
2025-01-16 14:00:00,2693.93,2699.89,2693.48,2698.24,5165,13,0
2025-01-16 15:00:00,2698.33,2703.3,2697.18,2698.94,5859,13,0
2025-01-16 16:00:00,2698.93,2706.12,2697.47,2705.4,5625,13,0
2025-01-16 17:00:00,2705.37,2708.47,2704.76,2707.69,4353,13,0
2025-01-16 18:00:00,2707.73,2711.17,2706.15,2706.24,4028,13,0
2025-01-16 19:00:00,2706.3,2707.27,2700.3,2703.76,6441,13,0
2025-01-16 20:00:00,2703.75,2718.28,2701.34,2715.4,8076,13,0
2025-01-16 21:00:00,2715.44,2719.14,2712.9,2718.36,8251,13,0
2025-01-16 22:00:00,2718.5,2719.51,2712.59,2716.83,8731,13,0
2025-01-16 23:00:00,2716.79,2722.39,2716.64,2720.41,7560,13,0
2025-01-17 00:00:00,2720.5,2724.65,2719.53,2721.72,5818,13,0
2025-01-17 01:00:00,2721.72,2723.25,2714.84,2715.2,5305,13,0
2025-01-17 02:00:00,2715.21,2717.16,2714.79,2715.29,4251,13,0
2025-01-17 03:00:00,2715.33,2717.05,2714.34,2715.86,3455,13,0
2025-01-17 04:00:00,2715.75,2715.9,2712.43,2714.5,2134,12,0
2025-01-17 06:00:00,2714.32,2714.94,2712.34,2714.48,1258,13,0
2025-01-17 07:00:00,2714.48,2716.07,2713.83,2714.63,2357,13,0
2025-01-17 08:00:00,2714.63,2714.75,2709.82,2714.64,5846,13,0
2025-01-17 09:00:00,2714.64,2717.0,2713.86,2715.83,4221,13,0
2025-01-17 10:00:00,2715.7,2717.3,2714.55,2715.35,3210,13,0
2025-01-17 11:00:00,2715.4,2716.41,2714.21,2714.67,2395,13,0
2025-01-17 12:00:00,2714.66,2715.37,2711.08,2711.47,3853,13,0
2025-01-17 13:00:00,2711.47,2713.26,2710.61,2712.6,4734,13,0
2025-01-17 14:00:00,2712.6,2714.6,2708.72,2710.57,4226,13,0
2025-01-17 15:00:00,2710.6,2712.96,2709.41,2711.66,4421,13,0
2025-01-17 16:00:00,2711.66,2712.0,2704.07,2704.98,5238,13,0
2025-01-17 17:00:00,2704.86,2706.16,2702.92,2703.93,4638,13,0
2025-01-17 18:00:00,2703.93,2708.65,2703.72,2708.0,4263,13,0
2025-01-17 19:00:00,2707.99,2711.69,2706.94,2710.98,6148,13,0
2025-01-17 20:00:00,2710.98,2712.13,2704.49,2705.04,8327,13,0
2025-01-17 21:00:00,2704.96,2712.51,2702.68,2711.71,8697,13,0
2025-01-17 22:00:00,2711.7,2715.05,2710.16,2714.29,7338,13,0
2025-01-17 23:00:00,2714.28,2717.32,2713.59,2716.04,6144,13,0
2025-01-18 00:00:00,2716.0,2716.26,2710.56,2712.58,5460,13,0
2025-01-18 01:00:00,2712.58,2713.3,2705.43,2705.58,5189,13,0
2025-01-18 02:00:00,2705.58,2707.2,2702.76,2703.08,4275,13,0
2025-01-18 03:00:00,2703.08,2704.22,2699.96,2700.99,4643,13,0
2025-01-18 04:00:00,2700.99,2702.95,2699.19,2702.6,1736,13,0
2025-01-20 06:00:00,2702.71,2703.32,2691.15,2696.41,2689,13,0
2025-01-20 07:00:00,2696.41,2696.41,2692.76,2694.57,2296,13,0
2025-01-20 08:00:00,2694.61,2695.84,2689.29,2693.81,6422,13,0
2025-01-20 09:00:00,2693.94,2697.97,2693.77,2697.45,4672,13,0
2025-01-20 10:00:00,2697.44,2703.96,2697.44,2703.52,3753,13,0
2025-01-20 11:00:00,2703.52,2706.55,2702.19,2705.93,2988,13,0
2025-01-20 12:00:00,2705.93,2707.51,2703.62,2707.39,4212,13,0
2025-01-20 13:00:00,2707.21,2713.78,2706.56,2711.74,4839,13,0
2025-01-20 14:00:00,2711.73,2711.9,2702.87,2703.47,4102,13,0
2025-01-20 15:00:00,2703.47,2708.06,2703.06,2706.9,4301,13,0
2025-01-20 16:00:00,2706.96,2708.81,2702.85,2706.08,4612,13,0
2025-01-20 17:00:00,2706.08,2709.85,2705.14,2708.56,4032,13,0
2025-01-20 18:00:00,2708.52,2712.34,2704.75,2708.4,4671,13,0
2025-01-20 19:00:00,2708.44,2709.94,2706.1,2708.22,4813,13,0
2025-01-20 20:00:00,2708.22,2710.37,2701.92,2705.14,8014,13,0
2025-01-20 21:00:00,2705.44,2712.19,2705.1,2710.37,8562,13,0
2025-01-20 22:00:00,2710.36,2710.59,2705.21,2707.07,6279,13,0
2025-01-20 23:00:00,2707.07,2709.09,2703.48,2707.81,5125,13,0
2025-01-21 00:00:00,2707.58,2710.24,2704.34,2707.42,4260,13,0
2025-01-21 01:00:00,2707.54,2711.11,2705.55,2710.56,2412,13,0
2025-01-21 02:00:00,2710.56,2711.02,2707.93,2710.3,899,13,0
2025-01-21 06:00:00,2707.05,2711.15,2705.95,2710.26,1951,13,0
2025-01-21 07:00:00,2710.27,2711.55,2702.85,2705.49,4156,13,0
2025-01-21 08:00:00,2705.49,2719.31,2703.11,2717.92,7416,13,0
2025-01-21 09:00:00,2717.91,2725.79,2717.82,2724.76,6390,13,0
2025-01-21 10:00:00,2724.75,2726.91,2721.21,2724.22,5509,13,0
2025-01-21 11:00:00,2724.3,2727.82,2723.06,2727.36,3778,13,0
2025-01-21 12:00:00,2727.36,2729.11,2725.4,2726.13,4453,13,0
2025-01-21 13:00:00,2726.16,2729.34,2723.78,2724.42,5056,13,0
2025-01-21 14:00:00,2724.41,2732.79,2722.59,2729.76,5671,13,0
2025-01-21 15:00:00,2729.73,2729.73,2721.55,2723.4,6655,13,0
2025-01-21 16:00:00,2723.28,2724.08,2717.96,2721.25,6826,13,0
2025-01-21 17:00:00,2721.27,2724.03,2718.96,2719.85,5511,13,0
2025-01-21 18:00:00,2719.85,2724.6,2716.54,2723.96,5157,13,0
2025-01-21 19:00:00,2723.96,2727.29,2721.83,2726.84,5966,13,0
2025-01-21 20:00:00,2726.83,2730.02,2724.59,2726.29,7908,13,0
2025-01-21 21:00:00,2726.3,2738.53,2725.33,2738.18,8275,13,0
2025-01-21 22:00:00,2738.06,2740.41,2734.48,2738.91,8544,13,0
2025-01-21 23:00:00,2738.87,2744.84,2737.77,2743.18,7206,13,0
2025-01-22 00:00:00,2743.27,2745.65,2740.09,2740.26,5635,13,0
2025-01-22 01:00:00,2740.21,2745.94,2739.91,2744.66,4994,13,0
2025-01-22 02:00:00,2744.63,2745.46,2741.36,2742.71,4184,13,0
2025-01-22 03:00:00,2742.71,2743.23,2740.02,2742.54,3437,13,0
2025-01-22 04:00:00,2742.49,2745.67,2742.06,2744.67,1263,12,0
2025-01-22 06:00:00,2745.02,2745.25,2741.76,2744.3,2489,13,0
2025-01-22 07:00:00,2744.3,2749.0,2742.65,2748.24,2849,13,0
2025-01-22 08:00:00,2748.24,2749.9,2746.84,2748.1,6253,13,0
2025-01-22 09:00:00,2748.1,2749.7,2746.34,2749.01,5292,13,0
2025-01-22 10:00:00,2749.02,2751.06,2748.0,2750.36,4334,13,0
2025-01-22 11:00:00,2750.34,2752.94,2749.28,2752.08,3016,13,0
2025-01-22 12:00:00,2752.14,2758.58,2750.32,2758.14,4959,13,0
2025-01-22 13:00:00,2758.15,2758.17,2745.66,2746.92,7114,13,0
2025-01-22 14:00:00,2746.93,2753.99,2746.55,2748.81,4907,13,0
2025-01-22 15:00:00,2748.81,2753.83,2746.86,2753.29,6270,13,0
2025-01-22 16:00:00,2753.31,2762.18,2752.96,2758.49,5753,13,0
2025-01-22 17:00:00,2758.5,2763.33,2758.38,2759.87,4720,13,0
2025-01-22 18:00:00,2760.08,2760.39,2756.23,2756.41,4563,13,0
2025-01-22 19:00:00,2756.46,2758.67,2751.78,2758.34,5025,13,0
2025-01-22 20:00:00,2758.34,2761.67,2751.08,2757.8,7909,13,0
2025-01-22 21:00:00,2757.77,2758.35,2750.39,2753.92,8603,13,0
2025-01-22 22:00:00,2753.96,2760.28,2750.51,2759.37,7776,13,0
2025-01-22 23:00:00,2759.34,2760.16,2755.94,2758.3,6293,13,0
2025-01-23 00:00:00,2758.27,2758.46,2755.96,2756.6,4626,13,0
2025-01-23 01:00:00,2756.6,2759.38,2755.02,2757.82,4899,13,0
2025-01-23 02:00:00,2757.81,2757.81,2755.09,2755.34,3642,13,0
2025-01-23 03:00:00,2755.32,2757.13,2754.88,2756.66,3460,13,0
2025-01-23 04:00:00,2756.66,2757.07,2754.91,2756.23,1121,12,0
2025-01-23 06:00:00,2756.12,2756.34,2753.93,2755.55,1687,13,0
2025-01-23 07:00:00,2755.5,2755.92,2753.35,2755.34,1749,13,0
2025-01-23 08:00:00,2755.34,2756.27,2750.58,2752.63,5329,13,0
2025-01-23 09:00:00,2752.63,2754.95,2752.04,2752.63,4373,13,0
2025-01-23 10:00:00,2752.6,2753.1,2749.59,2750.08,3990,13,0
2025-01-23 11:00:00,2750.08,2753.6,2749.9,2751.66,2350,13,0
2025-01-23 12:00:00,2751.74,2753.43,2751.46,2752.1,3391,13,0
2025-01-23 13:00:00,2752.09,2755.58,2751.14,2753.17,4236,13,0
2025-01-23 14:00:00,2753.17,2754.7,2751.73,2752.84,4033,13,0
2025-01-23 15:00:00,2752.77,2754.81,2752.09,2752.69,5085,13,0
2025-01-23 16:00:00,2752.72,2753.81,2740.97,2745.91,6439,13,0
2025-01-23 17:00:00,2745.8,2752.46,2745.26,2751.34,5551,13,0
2025-01-23 18:00:00,2751.37,2754.39,2750.83,2751.89,5170,13,0
2025-01-23 19:00:00,2751.87,2753.34,2742.09,2744.75,7347,13,0
2025-01-23 20:00:00,2744.75,2745.94,2735.95,2741.6,8643,13,0
2025-01-23 21:00:00,2741.72,2747.46,2740.33,2746.18,8333,13,0
2025-01-23 22:00:00,2746.09,2749.45,2742.17,2746.49,7154,13,0
2025-01-23 23:00:00,2746.27,2757.43,2744.2,2753.93,7739,13,0
2025-01-24 00:00:00,2753.92,2758.8,2752.34,2757.67,6453,13,0
2025-01-24 01:00:00,2757.68,2758.21,2755.14,2755.77,5266,13,0
2025-01-24 02:00:00,2755.77,2758.08,2753.81,2754.13,4538,13,0
2025-01-24 03:00:00,2754.16,2754.6,2751.43,2753.79,5351,13,0
2025-01-24 04:00:00,2753.82,2754.59,2752.14,2754.58,1513,12,0
2025-01-24 06:00:00,2754.26,2755.53,2753.64,2754.58,1149,13,0
2025-01-24 07:00:00,2754.54,2760.99,2754.34,2759.64,2496,13,0
2025-01-24 08:00:00,2759.64,2762.54,2758.63,2762.42,5764,13,0
2025-01-24 09:00:00,2762.35,2775.26,2762.35,2774.31,7250,13,0
2025-01-24 10:00:00,2774.19,2777.28,2770.93,2772.43,5696,13,0
2025-01-24 11:00:00,2772.43,2774.9,2770.52,2772.12,4331,13,0
2025-01-24 12:00:00,2772.12,2776.56,2772.12,2775.28,4998,13,0
2025-01-24 13:00:00,2775.22,2778.27,2773.24,2773.85,6120,13,0
2025-01-24 14:00:00,2773.88,2775.38,2772.0,2772.56,5086,13,0
2025-01-24 15:00:00,2772.55,2775.41,2770.1,2774.19,5291,13,0
2025-01-24 16:00:00,2774.08,2777.7,2771.06,2772.79,5309,13,0
2025-01-24 17:00:00,2772.79,2776.21,2771.59,2775.75,4796,13,0
2025-01-24 18:00:00,2775.76,2780.1,2774.0,2776.66,4864,13,0
2025-01-24 19:00:00,2776.68,2779.14,2776.11,2778.65,4533,13,0
2025-01-24 20:00:00,2778.56,2784.55,2777.87,2782.39,7160,13,0
2025-01-24 21:00:00,2782.42,2784.34,2773.8,2778.39,8403,13,0
2025-01-24 22:00:00,2778.35,2785.95,2775.46,2775.84,8164,13,0
2025-01-24 23:00:00,2775.91,2777.51,2770.01,2772.02,7420,13,0
2025-01-25 00:00:00,2771.99,2776.11,2770.58,2773.33,5324,13,0
2025-01-25 01:00:00,2773.33,2774.17,2771.48,2773.43,4742,13,0
2025-01-25 02:00:00,2773.47,2775.32,2771.29,2774.61,4164,13,0
2025-01-25 03:00:00,2774.58,2774.8,2770.71,2770.96,4129,13,0
2025-01-25 04:00:00,2771.07,2772.21,2770.59,2771.31,1546,13,0
2025-01-27 06:00:00,2768.35,2769.43,2764.3,2767.7,3194,13,0
2025-01-27 07:00:00,2767.7,2770.95,2766.32,2769.67,3547,13,0
2025-01-27 08:00:00,2769.7,2772.6,2762.92,2763.01,6178,13,0
2025-01-27 09:00:00,2763.01,2763.71,2754.03,2756.23,6351,13,0
2025-01-27 10:00:00,2756.26,2762.77,2755.21,2761.14,4874,13,0
2025-01-27 11:00:00,2761.14,2761.14,2755.71,2758.11,4011,13,0
2025-01-27 12:00:00,2758.11,2758.11,2752.82,2753.21,4709,13,0
2025-01-27 13:00:00,2753.21,2755.17,2750.9,2754.64,5603,13,0
2025-01-27 14:00:00,2754.65,2754.99,2747.25,2749.22,6535,13,0
2025-01-27 15:00:00,2749.34,2759.69,2749.27,2757.13,6962,13,0
2025-01-27 16:00:00,2757.0,2764.88,2755.66,2763.33,6955,13,0
2025-01-27 17:00:00,2763.33,2771.01,2762.82,2767.98,6855,13,0
2025-01-27 18:00:00,2767.88,2771.97,2765.02,2771.33,6502,13,0
2025-01-27 19:00:00,2771.45,2771.7,2760.56,2761.33,6496,13,0
2025-01-27 20:00:00,2761.31,2762.44,2752.31,2757.19,7250,13,0
2025-01-27 21:00:00,2757.17,2757.83,2745.0,2751.34,7945,13,0
2025-01-27 22:00:00,2751.32,2751.34,2739.55,2742.1,8231,13,0
2025-01-27 23:00:00,2742.07,2743.09,2733.34,2734.47,7584,13,0
2025-01-28 00:00:00,2734.47,2737.01,2730.54,2733.7,6761,13,0
2025-01-28 01:00:00,2733.69,2737.88,2733.07,2737.02,5466,13,0
2025-01-28 02:00:00,2737.06,2740.56,2736.88,2739.34,5064,13,0
2025-01-28 03:00:00,2739.4,2742.51,2738.1,2741.47,4148,13,0
2025-01-28 04:00:00,2741.43,2743.99,2740.43,2740.67,1467,12,0
2025-01-28 06:00:00,2739.96,2745.27,2739.54,2741.77,2583,13,0
2025-01-28 07:00:00,2741.77,2744.52,2739.86,2740.59,2806,13,0
2025-01-28 08:00:00,2740.74,2745.12,2739.74,2741.43,3402,13,0
2025-01-28 09:00:00,2741.43,2741.64,2738.41,2739.35,5143,13,0
2025-01-28 10:00:00,2739.38,2741.82,2737.91,2738.75,3867,13,0
2025-01-28 11:00:00,2738.82,2742.71,2738.55,2742.42,3422,13,0
2025-01-28 12:00:00,2742.59,2745.03,2741.31,2741.83,3261,13,0
2025-01-28 13:00:00,2741.77,2742.95,2739.23,2739.64,3040,13,0
2025-01-28 14:00:00,2739.58,2743.04,2738.34,2738.58,4622,13,0
2025-01-28 15:00:00,2739.04,2741.84,2734.79,2741.15,5632,13,0
2025-01-28 16:00:00,2741.1,2745.01,2740.46,2743.4,5187,13,0
2025-01-28 17:00:00,2743.39,2745.22,2740.99,2743.19,4179,13,0
2025-01-28 18:00:00,2743.2,2744.59,2741.58,2742.7,4014,13,0
2025-01-28 19:00:00,2742.72,2745.56,2741.23,2745.53,4865,13,0
2025-01-28 20:00:00,2745.55,2749.48,2745.22,2748.79,6568,13,0
2025-01-28 21:00:00,2748.9,2756.26,2748.9,2753.4,8062,13,0
2025-01-28 22:00:00,2753.45,2757.22,2751.08,2755.32,7448,13,0
2025-01-28 23:00:00,2755.31,2759.62,2755.27,2758.66,6672,13,0
2025-01-29 00:00:00,2758.66,2760.05,2757.63,2759.68,5566,13,0
2025-01-29 01:00:00,2759.81,2763.52,2759.31,2762.14,5624,13,0
2025-01-29 02:00:00,2762.17,2764.96,2761.32,2764.77,3654,13,0
2025-01-29 03:00:00,2764.78,2765.04,2762.37,2764.16,3979,13,0
2025-01-29 04:00:00,2764.17,2764.19,2762.78,2763.31,1394,12,0
2025-01-29 06:00:00,2763.16,2764.31,2762.53,2762.67,1172,13,0
2025-01-29 07:00:00,2762.69,2764.78,2762.27,2763.99,1811,13,0
2025-01-29 08:00:00,2764.0,2766.27,2763.67,2763.76,3599,13,0
2025-01-29 09:00:00,2763.81,2765.61,2763.43,2764.2,2540,13,0
2025-01-29 10:00:00,2764.17,2764.45,2762.36,2762.76,3422,13,0
2025-01-29 11:00:00,2762.73,2764.22,2761.52,2762.4,3275,13,0
2025-01-29 12:00:00,2762.4,2763.03,2760.16,2760.63,3342,13,0
2025-01-29 13:00:00,2760.63,2762.22,2759.25,2759.25,3686,13,0
2025-01-29 14:00:00,2759.26,2760.63,2757.42,2759.09,4594,13,0
2025-01-29 15:00:00,2759.12,2766.0,2759.12,2764.0,5313,13,0
2025-01-29 16:00:00,2764.06,2764.35,2760.41,2762.78,5605,13,0
2025-01-29 17:00:00,2762.77,2763.38,2757.08,2758.17,5861,13,0
2025-01-29 18:00:00,2758.17,2759.8,2757.48,2758.97,4135,13,0
2025-01-29 19:00:00,2758.98,2759.11,2755.56,2756.47,5830,13,0
2025-01-29 20:00:00,2756.45,2759.51,2752.24,2758.6,7640,13,0
2025-01-29 21:00:00,2758.64,2761.01,2756.48,2759.04,7656,13,0
2025-01-29 22:00:00,2759.29,2759.65,2748.47,2754.13,7659,13,0
2025-01-29 23:00:00,2754.16,2756.24,2748.38,2751.51,6698,13,0
2025-01-30 00:00:00,2751.59,2754.35,2751.04,2752.84,4715,13,0
2025-01-30 01:00:00,2752.84,2753.84,2748.7,2750.51,5029,13,0
2025-01-30 02:00:00,2750.51,2757.67,2744.81,2755.18,8332,13,0
2025-01-30 03:00:00,2755.18,2758.95,2752.79,2755.03,5983,13,0
2025-01-30 04:00:00,2754.98,2759.85,2754.03,2759.77,2937,12,0
2025-01-30 06:00:00,2759.15,2760.63,2758.12,2760.35,1372,13,0
2025-01-30 07:00:00,2760.3,2762.61,2758.97,2762.05,2005,13,0
2025-01-30 08:00:00,2762.05,2762.05,2758.88,2760.09,3127,13,0
2025-01-30 09:00:00,2760.09,2761.41,2759.2,2760.35,3344,13,0
2025-01-30 10:00:00,2760.35,2762.42,2759.45,2761.9,2976,13,0
2025-01-30 11:00:00,2761.9,2763.42,2759.82,2760.4,3342,13,0
2025-01-30 12:00:00,2760.4,2761.14,2758.75,2760.53,2849,13,0
2025-01-30 13:00:00,2760.52,2766.47,2760.24,2765.55,3374,13,0
2025-01-30 14:00:00,2765.56,2769.47,2764.99,2769.13,4729,13,0
2025-01-30 15:00:00,2769.18,2776.51,2768.63,2776.16,5085,13,0
2025-01-30 16:00:00,2776.2,2776.34,2771.5,2774.23,5597,13,0
2025-01-30 17:00:00,2774.23,2779.27,2773.82,2778.31,4992,13,0
2025-01-30 18:00:00,2778.3,2779.45,2776.96,2777.64,4378,13,0
2025-01-30 19:00:00,2777.64,2781.22,2776.1,2780.21,5051,13,0
2025-01-30 20:00:00,2780.21,2786.0,2778.76,2785.77,7562,13,0
2025-01-30 21:00:00,2785.81,2789.07,2780.11,2787.79,9147,13,0
2025-01-30 22:00:00,2787.67,2796.74,2786.84,2795.42,8938,13,0
2025-01-30 23:00:00,2795.43,2798.47,2790.24,2790.53,8745,13,0
2025-01-31 00:00:00,2790.63,2795.85,2788.8,2795.61,7489,13,0
2025-01-31 01:00:00,2795.61,2797.07,2792.24,2795.13,6196,13,0
2025-01-31 02:00:00,2795.08,2795.29,2790.69,2793.44,4553,13,0
2025-01-31 03:00:00,2793.43,2798.16,2792.33,2795.52,6013,13,0
2025-01-31 04:00:00,2795.51,2798.3,2789.76,2794.05,3434,12,0
2025-01-31 06:00:00,2794.42,2796.66,2791.51,2796.19,2198,13,0
2025-01-31 07:00:00,2796.19,2799.45,2794.42,2795.71,2824,13,0
2025-01-31 08:00:00,2795.75,2796.55,2794.64,2796.34,4060,13,0
2025-01-31 09:00:00,2796.34,2798.13,2794.82,2796.16,3676,13,0
2025-01-31 10:00:00,2796.16,2798.24,2795.72,2796.45,3608,13,0
2025-01-31 11:00:00,2796.42,2796.42,2794.47,2795.87,3142,13,0
2025-01-31 12:00:00,2795.87,2796.36,2794.1,2795.69,3546,13,0
2025-01-31 13:00:00,2795.69,2795.71,2792.11,2792.78,2937,13,0
2025-01-31 14:00:00,2792.78,2800.95,2792.27,2798.37,5133,13,0
2025-01-31 15:00:00,2798.39,2799.47,2791.63,2793.2,5652,13,0
2025-01-31 16:00:00,2793.21,2796.41,2792.69,2793.69,5137,13,0
2025-01-31 17:00:00,2793.74,2795.09,2791.05,2794.2,5047,13,0
2025-01-31 18:00:00,2794.01,2800.74,2792.32,2800.3,5326,13,0
2025-01-31 19:00:00,2800.24,2807.79,2800.01,2805.38,5602,13,0
2025-01-31 20:00:00,2805.4,2808.33,2803.42,2806.5,7060,13,0
2025-01-31 21:00:00,2806.5,2812.55,2804.57,2812.41,7707,13,0
2025-01-31 22:00:00,2812.39,2817.09,2808.39,2809.23,8404,13,0
2025-01-31 23:00:00,2809.24,2810.19,2804.99,2807.47,6343,13,0
2025-02-01 00:00:00,2807.5,2816.04,2803.12,2808.69,8703,13,0
2025-02-01 01:00:00,2808.71,2808.87,2795.44,2798.97,8784,13,0
2025-02-01 02:00:00,2798.89,2802.87,2795.44,2796.26,6975,13,0
2025-02-01 03:00:00,2796.23,2802.04,2794.28,2800.93,6838,13,0
2025-02-01 04:00:00,2800.85,2802.52,2797.61,2798.59,3497,12,0
2025-02-03 06:00:00,2794.56,2803.28,2784.17,2793.56,4876,13,0
2025-02-03 07:00:00,2793.53,2796.57,2790.18,2792.29,5414,13,0
2025-02-03 08:00:00,2792.26,2792.26,2778.31,2782.2,6919,13,0
2025-02-03 09:00:00,2782.22,2782.69,2773.88,2778.04,7511,13,0
2025-02-03 10:00:00,2778.04,2778.32,2772.14,2774.43,5708,13,0
2025-02-03 11:00:00,2774.43,2783.05,2774.11,2780.75,5150,13,0
2025-02-03 12:00:00,2780.71,2785.12,2780.0,2783.18,4710,13,0
2025-02-03 13:00:00,2783.18,2788.02,2782.84,2786.68,4778,13,0
2025-02-03 14:00:00,2786.93,2789.87,2785.37,2789.25,6563,13,0
2025-02-03 15:00:00,2789.25,2800.45,2787.04,2796.65,7045,13,0
2025-02-03 16:00:00,2796.68,2800.8,2794.74,2796.41,6521,13,0
2025-02-03 17:00:00,2796.4,2800.14,2793.03,2798.15,5878,13,0
2025-02-03 18:00:00,2798.06,2804.15,2797.99,2801.23,5467,13,0
2025-02-03 19:00:00,2801.19,2810.82,2800.49,2810.48,5761,13,0
2025-02-03 20:00:00,2810.48,2811.86,2807.53,2811.02,7049,13,0
2025-02-03 21:00:00,2811.02,2830.51,2810.15,2830.51,8543,13,0
2025-02-03 22:00:00,2830.51,2830.51,2813.61,2817.42,10062,13,0
2025-02-03 23:00:00,2817.43,2825.12,2813.08,2814.24,8148,13,0
2025-02-04 00:00:00,2814.24,2822.18,2814.06,2817.12,7042,13,0
2025-02-04 01:00:00,2817.11,2821.77,2816.11,2821.02,6242,13,0
2025-02-04 02:00:00,2821.02,2822.97,2817.91,2818.24,5624,13,0
2025-02-04 03:00:00,2818.23,2819.47,2815.62,2816.64,5132,13,0
2025-02-04 04:00:00,2816.65,2817.6,2812.62,2814.74,3732,12,0
2025-02-04 06:00:00,2814.51,2815.19,2812.24,2814.02,2737,13,0
2025-02-04 07:00:00,2814.0,2817.57,2812.67,2817.46,2295,13,0
2025-02-04 08:00:00,2817.48,2824.17,2816.15,2823.38,4671,13,0
2025-02-04 09:00:00,2823.41,2824.56,2816.94,2821.32,5490,13,0
2025-02-04 10:00:00,2821.31,2824.2,2817.38,2821.37,4512,13,0
2025-02-04 11:00:00,2821.36,2821.51,2818.12,2819.04,4261,13,0
2025-02-04 12:00:00,2819.05,2819.19,2813.49,2815.86,6783,13,0
2025-02-04 13:00:00,2815.76,2815.98,2810.91,2813.52,5206,13,0
2025-02-04 14:00:00,2813.52,2814.48,2807.27,2812.63,6304,13,0
2025-02-04 15:00:00,2812.72,2819.1,2810.13,2815.06,7572,13,0
2025-02-04 16:00:00,2815.08,2821.81,2814.12,2820.54,6587,13,0
2025-02-04 17:00:00,2820.54,2820.54,2812.65,2814.82,5965,13,0
2025-02-04 18:00:00,2814.82,2816.88,2813.2,2815.45,5381,13,0
2025-02-04 19:00:00,2815.46,2822.96,2814.52,2821.79,5848,13,0
2025-02-04 20:00:00,2821.79,2837.03,2821.51,2831.64,8324,13,0
2025-02-04 21:00:00,2831.67,2841.4,2828.94,2838.71,9077,13,0
2025-02-04 22:00:00,2838.31,2845.39,2833.65,2835.93,9177,13,0
2025-02-04 23:00:00,2835.78,2842.42,2832.66,2840.44,7796,13,0
2025-02-05 00:00:00,2840.57,2844.65,2839.42,2843.99,6279,13,0
2025-02-05 01:00:00,2844.01,2845.01,2842.49,2842.68,5165,13,0
2025-02-05 02:00:00,2842.68,2844.13,2841.79,2843.06,4851,13,0
2025-02-05 03:00:00,2843.08,2844.78,2840.92,2844.32,4381,13,0
2025-02-05 04:00:00,2844.31,2844.68,2841.08,2841.86,2442,13,0
2025-02-05 06:00:00,2842.01,2842.59,2840.58,2841.31,1618,13,0
2025-02-05 07:00:00,2841.46,2848.11,2840.67,2845.26,3608,13,0
2025-02-05 08:00:00,2845.19,2848.99,2839.7,2844.53,7877,13,0
2025-02-05 09:00:00,2844.46,2853.78,2844.0,2851.11,5645,13,0
2025-02-05 10:00:00,2851.11,2854.5,2849.82,2852.25,4296,13,0
2025-02-05 11:00:00,2852.23,2858.09,2851.79,2855.25,3271,13,0
2025-02-05 12:00:00,2855.2,2860.55,2853.73,2859.21,3865,13,0
2025-02-05 13:00:00,2859.21,2861.86,2857.16,2859.26,4071,13,0
2025-02-05 14:00:00,2859.25,2864.19,2854.97,2864.13,5737,13,0
2025-02-05 15:00:00,2864.12,2869.6,2863.69,2867.57,5792,13,0
2025-02-05 16:00:00,2867.57,2872.08,2865.42,2870.35,5208,13,0
2025-02-05 17:00:00,2870.35,2876.98,2866.0,2867.79,5486,13,0
2025-02-05 18:00:00,2867.82,2870.39,2864.78,2868.66,5672,13,0
2025-02-05 19:00:00,2868.66,2870.94,2867.05,2870.29,4864,13,0
2025-02-05 20:00:00,2870.29,2870.66,2858.58,2861.93,8470,13,0
2025-02-05 21:00:00,2861.9,2872.58,2860.7,2870.79,8633,13,0
2025-02-05 22:00:00,2870.8,2882.25,2870.8,2880.21,9102,13,0
2025-02-05 23:00:00,2880.09,2881.01,2863.18,2874.89,8025,13,0
2025-02-06 00:00:00,2875.02,2876.68,2871.4,2873.03,5874,13,0
2025-02-06 01:00:00,2873.05,2873.47,2863.93,2865.67,5808,13,0
2025-02-06 02:00:00,2865.76,2868.96,2862.79,2863.58,5602,13,0
2025-02-06 03:00:00,2863.58,2866.08,2860.02,2862.59,5488,13,0
2025-02-06 04:00:00,2862.58,2867.3,2861.23,2867.23,1820,12,0
2025-02-06 06:00:00,2866.15,2870.85,2865.26,2869.35,1950,13,0
2025-02-06 07:00:00,2869.35,2869.96,2867.24,2869.76,2136,13,0
2025-02-06 08:00:00,2869.76,2871.78,2863.71,2871.62,5933,13,0
2025-02-06 09:00:00,2871.62,2873.26,2868.32,2870.56,5230,13,0
2025-02-06 10:00:00,2870.61,2870.61,2864.34,2869.29,4338,13,0
2025-02-06 11:00:00,2869.29,2872.22,2868.36,2868.54,2914,13,0
2025-02-06 12:00:00,2868.6,2869.91,2865.48,2868.29,4164,13,0
2025-02-06 13:00:00,2868.29,2871.25,2858.36,2859.18,5613,13,0
2025-02-06 14:00:00,2859.22,2861.83,2855.07,2855.67,5833,13,0
2025-02-06 15:00:00,2855.67,2858.49,2848.87,2856.08,6607,13,0
2025-02-06 16:00:00,2856.07,2859.95,2855.68,2859.3,5691,13,0
2025-02-06 17:00:00,2859.38,2861.81,2855.66,2859.26,4992,13,0
2025-02-06 18:00:00,2859.26,2867.4,2858.25,2865.95,5518,13,0
2025-02-06 19:00:00,2865.95,2870.34,2863.62,2864.4,5960,13,0
2025-02-06 20:00:00,2864.42,2865.01,2855.56,2856.72,8342,13,0
2025-02-06 21:00:00,2856.76,2859.74,2841.3,2841.98,8982,13,0
2025-02-06 22:00:00,2841.87,2853.2,2834.31,2850.59,9009,13,0
2025-02-06 23:00:00,2850.59,2854.72,2848.8,2848.81,6512,13,0
2025-02-07 00:00:00,2848.8,2852.63,2848.15,2852.36,4918,13,0
2025-02-07 01:00:00,2852.35,2853.66,2849.84,2852.63,5444,13,0
2025-02-07 02:00:00,2852.63,2854.19,2850.4,2853.92,4501,13,0
2025-02-07 03:00:00,2853.88,2857.28,2853.78,2856.46,4943,13,0
2025-02-07 04:00:00,2856.45,2857.09,2854.91,2855.79,1947,12,0
2025-02-07 06:00:00,2856.27,2858.57,2855.77,2858.01,1828,13,0
2025-02-07 07:00:00,2858.01,2860.45,2858.01,2858.6,2253,13,0
2025-02-07 08:00:00,2858.59,2868.13,2857.96,2866.2,5487,13,0
2025-02-07 09:00:00,2866.2,2869.16,2865.5,2868.7,4479,13,0
2025-02-07 10:00:00,2868.7,2870.49,2866.12,2867.14,4084,13,0
2025-02-07 11:00:00,2867.14,2869.59,2866.28,2866.62,2734,13,0
2025-02-07 12:00:00,2866.62,2866.98,2862.06,2862.24,4252,13,0
2025-02-07 13:00:00,2862.22,2866.24,2858.99,2860.69,5507,13,0
2025-02-07 14:00:00,2860.68,2865.63,2860.23,2864.11,4330,13,0
2025-02-07 15:00:00,2864.14,2866.71,2863.24,2866.38,4766,13,0
2025-02-07 16:00:00,2866.39,2870.7,2865.55,2868.91,5263,13,0
2025-02-07 17:00:00,2868.91,2869.17,2863.35,2867.58,4998,13,0
2025-02-07 18:00:00,2867.58,2868.29,2865.17,2867.65,4549,13,0
2025-02-07 19:00:00,2867.68,2868.01,2863.5,2863.65,5137,13,0
2025-02-07 20:00:00,2863.6,2871.03,2852.54,2862.5,8284,13,0
2025-02-07 21:00:00,2862.62,2878.21,2856.16,2876.31,9389,13,0
2025-02-07 22:00:00,2876.44,2886.75,2873.62,2880.45,8783,13,0
2025-02-07 23:00:00,2880.44,2881.44,2860.5,2860.73,8910,13,0
2025-02-08 00:00:00,2860.71,2862.62,2853.41,2860.06,7961,13,0
2025-02-08 01:00:00,2860.02,2865.17,2859.71,2861.19,4637,13,0
2025-02-08 02:00:00,2861.29,2863.19,2858.98,2860.23,3793,13,0
2025-02-08 03:00:00,2860.2,2863.78,2859.39,2860.69,4988,13,0
2025-02-08 04:00:00,2860.65,2863.28,2860.4,2861.08,2613,13,0
2025-02-10 06:00:00,2855.7,2870.4,2855.64,2867.59,3433,13,0
2025-02-10 07:00:00,2867.59,2869.24,2865.78,2867.93,3321,13,0
2025-02-10 08:00:00,2867.92,2876.61,2866.03,2871.84,7004,13,0
2025-02-10 09:00:00,2871.82,2874.96,2871.39,2873.76,5142,13,0
2025-02-10 10:00:00,2873.73,2875.71,2871.24,2875.48,4140,13,0
2025-02-10 11:00:00,2875.48,2879.55,2874.41,2879.08,3719,13,0
2025-02-10 12:00:00,2879.25,2879.98,2876.04,2879.2,4597,13,0
2025-02-10 13:00:00,2879.2,2892.23,2878.88,2888.37,5591,13,0
2025-02-10 14:00:00,2888.38,2896.59,2886.69,2895.59,5794,13,0
2025-02-10 15:00:00,2895.52,2898.69,2892.27,2896.57,6051,13,0
2025-02-10 16:00:00,2896.55,2903.18,2896.28,2902.89,5692,13,0
2025-02-10 17:00:00,2902.92,2906.24,2898.14,2902.28,6069,13,0
2025-02-10 18:00:00,2902.33,2905.71,2898.33,2904.66,5281,13,0
2025-02-10 19:00:00,2904.61,2906.88,2902.72,2902.8,6038,13,0
2025-02-10 20:00:00,2902.95,2911.02,2899.72,2901.04,8634,13,0
2025-02-10 21:00:00,2901.04,2909.18,2896.39,2908.6,8377,13,0
2025-02-10 22:00:00,2908.59,2911.61,2904.46,2909.01,7268,13,0
2025-02-10 23:00:00,2909.03,2910.29,2899.08,2900.99,6444,13,0
2025-02-11 00:00:00,2901.0,2904.39,2896.68,2903.27,5622,13,0
2025-02-11 01:00:00,2903.28,2906.9,2900.92,2905.19,4689,13,0
2025-02-11 02:00:00,2905.17,2906.69,2902.57,2904.3,3871,13,0
2025-02-11 03:00:00,2904.27,2907.72,2902.94,2907.48,3560,13,0
2025-02-11 04:00:00,2907.35,2908.04,2905.32,2907.89,1865,12,0
2025-02-11 06:00:00,2907.76,2921.57,2907.39,2917.77,2899,13,0
2025-02-11 07:00:00,2917.83,2925.01,2916.34,2922.58,3126,13,0
2025-02-11 08:00:00,2922.59,2936.0,2919.67,2934.03,7159,13,0
2025-02-11 09:00:00,2934.02,2942.66,2905.78,2918.96,8073,13,0
2025-02-11 10:00:00,2918.74,2925.66,2911.59,2919.61,6332,13,0
2025-02-11 11:00:00,2919.62,2920.74,2915.15,2916.45,4146,13,0
2025-02-11 12:00:00,2916.26,2923.66,2915.32,2922.84,4964,13,0
2025-02-11 13:00:00,2922.85,2929.37,2915.41,2917.77,6333,13,0
2025-02-11 14:00:00,2917.77,2918.34,2907.3,2913.43,6680,13,0
2025-02-11 15:00:00,2913.35,2915.25,2906.98,2907.36,6508,13,0
2025-02-11 16:00:00,2907.36,2912.26,2903.02,2903.19,6823,13,0
2025-02-11 17:00:00,2903.16,2907.06,2901.88,2902.64,6330,13,0
2025-02-11 18:00:00,2902.64,2906.65,2902.17,2903.85,5590,13,0
2025-02-11 19:00:00,2903.86,2904.22,2886.92,2889.3,7824,13,0
2025-02-11 20:00:00,2889.21,2898.21,2881.82,2896.52,9776,13,0
2025-02-11 21:00:00,2896.47,2904.43,2894.95,2896.84,9171,13,0
2025-02-11 22:00:00,2896.78,2906.53,2890.87,2904.79,8712,13,0
2025-02-11 23:00:00,2904.77,2908.66,2902.27,2902.35,7375,13,0
2025-02-12 00:00:00,2902.31,2907.26,2899.66,2905.61,6153,13,0
2025-02-12 01:00:00,2905.6,2907.21,2903.32,2905.89,5488,13,0
2025-02-12 02:00:00,2905.87,2906.42,2899.74,2900.22,5109,13,0
2025-02-12 03:00:00,2900.21,2900.4,2894.12,2897.57,6130,13,0
2025-02-12 04:00:00,2897.56,2899.67,2897.28,2897.34,1916,12,0
2025-02-12 06:00:00,2897.53,2900.72,2897.06,2898.52,1557,13,0
2025-02-12 07:00:00,2898.52,2898.82,2889.45,2892.19,3239,13,0
2025-02-12 08:00:00,2892.19,2897.68,2883.74,2893.24,6763,13,0
2025-02-12 09:00:00,2893.24,2897.67,2891.88,2892.46,5420,13,0
2025-02-12 10:00:00,2892.45,2892.98,2886.73,2889.0,5072,13,0
2025-02-12 11:00:00,2888.96,2890.41,2884.0,2885.5,3880,13,0
2025-02-12 12:00:00,2885.62,2888.03,2883.8,2886.28,4829,13,0
2025-02-12 13:00:00,2886.28,2894.67,2885.67,2892.73,5375,13,0
2025-02-12 14:00:00,2892.72,2895.75,2890.88,2892.77,5481,13,0
2025-02-12 15:00:00,2892.86,2894.06,2887.98,2891.75,5773,13,0
2025-02-12 16:00:00,2891.71,2893.39,2886.46,2886.81,5275,13,0
2025-02-12 17:00:00,2886.78,2889.91,2879.36,2882.77,5353,13,0
2025-02-12 18:00:00,2882.76,2885.9,2879.45,2879.73,4916,13,0
2025-02-12 19:00:00,2879.73,2885.86,2878.92,2885.13,5498,13,0
2025-02-12 20:00:00,2885.19,2885.75,2864.29,2884.82,9503,13,0
2025-02-12 21:00:00,2884.76,2898.03,2881.91,2894.47,9611,13,0
2025-02-12 22:00:00,2894.53,2895.86,2886.92,2894.65,8672,13,0
2025-02-12 23:00:00,2894.67,2904.48,2892.18,2902.49,8006,13,0
2025-02-13 00:00:00,2902.49,2909.06,2901.96,2902.85,7286,13,0
2025-02-13 01:00:00,2902.85,2903.82,2900.44,2901.06,5962,13,0
2025-02-13 02:00:00,2901.06,2901.76,2893.58,2897.87,5392,13,0
2025-02-13 03:00:00,2897.87,2901.33,2895.48,2900.95,4271,13,0
2025-02-13 04:00:00,2900.93,2904.25,2900.18,2904.04,3476,12,0
2025-02-13 06:00:00,2904.03,2906.41,2900.47,2905.72,2054,13,0
2025-02-13 07:00:00,2905.73,2909.02,2904.59,2906.33,3194,13,0
2025-02-13 08:00:00,2906.29,2907.38,2901.43,2906.07,6048,13,0
2025-02-13 09:00:00,2906.08,2908.99,2905.27,2908.8,5034,13,0
2025-02-13 10:00:00,2908.8,2918.05,2907.24,2916.57,5062,13,0
2025-02-13 11:00:00,2916.57,2919.16,2916.17,2918.44,3694,13,0
2025-02-13 12:00:00,2918.47,2922.78,2916.62,2918.05,4402,13,0
2025-02-13 13:00:00,2918.03,2918.81,2912.65,2916.04,6125,13,0
2025-02-13 14:00:00,2916.03,2920.71,2913.15,2914.53,5790,13,0
2025-02-13 15:00:00,2914.56,2918.12,2909.52,2911.62,6692,13,0
2025-02-13 16:00:00,2911.64,2918.35,2909.94,2915.36,5313,13,0
2025-02-13 17:00:00,2915.29,2919.43,2913.95,2918.01,4331,13,0
2025-02-13 18:00:00,2918.01,2918.21,2915.48,2917.99,4885,13,0
2025-02-13 19:00:00,2917.99,2921.3,2915.72,2917.74,5782,13,0
2025-02-13 20:00:00,2917.67,2917.93,2906.1,2908.49,8914,13,0
2025-02-13 21:00:00,2908.49,2917.36,2906.73,2915.17,9028,13,0
2025-02-13 22:00:00,2915.15,2920.92,2914.62,2920.35,8109,13,0
2025-02-13 23:00:00,2920.29,2920.85,2913.0,2913.86,6760,13,0
2025-02-14 00:00:00,2913.81,2919.1,2913.5,2918.95,5539,13,0
2025-02-14 01:00:00,2918.99,2925.22,2914.33,2924.08,6344,13,0
2025-02-14 02:00:00,2924.09,2927.36,2923.9,2926.86,5277,13,0
2025-02-14 03:00:00,2926.86,2929.01,2924.87,2928.47,5494,13,0
2025-02-14 04:00:00,2928.47,2929.44,2928.09,2928.39,2111,12,0
2025-02-14 06:00:00,2927.6,2932.34,2927.4,2931.2,2256,13,0
2025-02-14 07:00:00,2931.24,2931.45,2927.51,2927.84,2746,13,0
2025-02-14 08:00:00,2927.84,2933.82,2927.84,2929.89,6727,13,0
2025-02-14 09:00:00,2929.87,2930.49,2925.93,2927.3,5495,13,0
2025-02-14 10:00:00,2927.32,2930.38,2923.28,2924.43,4693,13,0
2025-02-14 11:00:00,2924.43,2929.18,2923.82,2928.56,3323,13,0
2025-02-14 12:00:00,2928.57,2932.39,2926.76,2931.0,5040,13,0
2025-02-14 13:00:00,2931.02,2936.82,2929.97,2934.23,6672,13,0
2025-02-14 14:00:00,2934.28,2935.13,2930.6,2931.81,5901,13,0
2025-02-14 15:00:00,2931.81,2938.51,2930.8,2935.22,6426,13,0
2025-02-14 16:00:00,2935.19,2938.75,2934.14,2935.18,5865,13,0
2025-02-14 17:00:00,2935.21,2940.01,2934.32,2935.92,6043,13,0
2025-02-14 18:00:00,2935.91,2937.55,2929.29,2931.05,5081,13,0
2025-02-14 19:00:00,2931.05,2933.01,2927.82,2930.84,6195,13,0
2025-02-14 20:00:00,2930.84,2933.17,2917.66,2920.51,9498,13,0
2025-02-14 21:00:00,2920.59,2928.44,2914.39,2921.22,9856,13,0
2025-02-14 22:00:00,2921.09,2921.74,2892.98,2901.92,10245,13,0
2025-02-14 23:00:00,2901.93,2903.84,2888.62,2895.95,9159,13,0
2025-02-15 00:00:00,2895.94,2897.53,2885.49,2887.04,7657,13,0
2025-02-15 01:00:00,2887.01,2887.9,2882.13,2883.83,6800,13,0
2025-02-15 02:00:00,2883.79,2885.99,2878.8,2880.65,5027,13,0
2025-02-15 03:00:00,2880.57,2886.21,2877.01,2885.42,5814,13,0
2025-02-15 04:00:00,2885.29,2885.63,2882.24,2882.81,2575,12,0
2025-02-17 06:00:00,2884.08,2893.72,2878.76,2879.27,4403,13,0
2025-02-17 07:00:00,2879.34,2888.02,2879.34,2883.61,3448,13,0
2025-02-17 08:00:00,2883.61,2896.66,2882.58,2895.59,7072,13,0
2025-02-17 09:00:00,2895.59,2899.83,2893.85,2899.12,5134,13,0
2025-02-17 10:00:00,2899.19,2904.56,2897.81,2903.56,4389,13,0
2025-02-17 11:00:00,2903.51,2904.88,2898.42,2899.26,3739,13,0
2025-02-17 12:00:00,2899.26,2905.23,2896.07,2896.23,4774,13,0
2025-02-17 13:00:00,2896.2,2897.76,2888.25,2896.46,5832,13,0
2025-02-17 14:00:00,2896.55,2903.64,2896.5,2902.49,4903,13,0
2025-02-17 15:00:00,2902.5,2902.63,2895.13,2900.32,5092,13,0
2025-02-17 16:00:00,2900.31,2906.4,2900.31,2902.58,4860,13,0
2025-02-17 17:00:00,2902.57,2902.93,2895.49,2902.82,4578,13,0
2025-02-17 18:00:00,2902.85,2903.83,2897.84,2901.01,4446,13,0
2025-02-17 19:00:00,2900.99,2901.58,2895.45,2897.71,5208,13,0
2025-02-17 20:00:00,2897.69,2899.09,2895.61,2896.8,6163,13,0
2025-02-17 21:00:00,2896.8,2903.91,2896.49,2902.97,6163,13,0
2025-02-17 22:00:00,2903.02,2904.13,2897.96,2899.22,5387,13,0
